{"cameraMode":{"drawMode":0,"name":"Shaded","section":"Shading Mode"},"sceneLighting":true,"audioPlay":false,"sceneViewState":{"m_AlwaysRefresh":false,"showFog":true,"showSkybox":true,"showFlares":true,"showImageEffects":true,"showParticleSystems":true,"showVisualEffectGraphs":true,"m_FxEnabled":true},"in2DMode":false,"pivot":{"x":0.8425617218017578,"y":1.4803130626678467,"z":-0.3070930242538452},"rotation":{"x":0.07371973991394043,"y":-0.12981677055358888,"z":0.009590931236743927,"w":0.9888966083526611},"size":2.2881224155426027,"orthographic":true}