{"cameraMode":{"drawMode":0,"name":"Shaded","section":"Shading Mode"},"sceneLighting":true,"audioPlay":false,"sceneViewState":{"m_AlwaysRefresh":false,"showFog":true,"showSkybox":true,"showFlares":true,"showImageEffects":true,"showParticleSystems":true,"showVisualEffectGraphs":true,"m_FxEnabled":true},"in2DMode":false,"pivot":{"x":1.266379952430725,"y":1.1592516899108887,"z":-1.0337791442871094},"rotation":{"x":0.17388832569122315,"y":-0.13250181078910829,"z":0.02361852116882801,"w":0.9755248427391052},"size":1.2820940017700196,"orthographic":true}